,level,page_num,block_num,par_num,line_num,word_num,left,top,width,height,conf,text
0,1,1,0,0,0,0,0,0,2550,3300,-1.0,
1,2,1,1,0,0,0,804,284,722,55,-1.0,
2,3,1,1,1,0,0,804,284,722,55,-1.0,
3,4,1,1,1,1,0,804,284,722,55,-1.0,
4,5,1,1,1,1,1,804,286,129,42,89.906693,Invite
5,5,1,1,1,1,2,949,297,107,42,91.743507,your
6,5,1,1,1,1,3,1072,284,170,44,91.743507,friends
7,5,1,1,1,1,4,1262,285,86,43,92.965302,and
8,5,1,1,1,1,5,1367,284,159,55,92.670944,family.
9,2,1,2,0,0,0,454,372,1487,222,-1.0,
10,3,1,2,1,0,0,454,372,1487,218,-1.0,
11,4,1,2,1,1,0,478,372,1463,106,-1.0,
12,5,1,2,1,1,1,478,372,197,106,0.0,CebS
13,5,1,2,1,1,2,801,395,124,38,92.558319,Share
14,5,1,2,1,1,3,939,395,69,39,92.301971,the
15,5,1,2,1,1,4,1025,395,100,38,92.474312,Uber
16,5,1,2,1,1,5,1142,395,85,38,88.142235,love
17,5,1,2,1,1,6,1244,395,77,38,93.025833,and
18,5,1,2,1,1,7,1338,397,88,46,92.314781,give
19,5,1,2,1,1,8,1441,395,150,38,92.970024,friends
20,5,1,2,1,1,9,1608,395,84,38,92.963036,free
21,5,1,2,1,1,10,1709,395,104,38,92.76429,rides
22,5,1,2,1,1,11,1828,400,42,34,93.207138,to
23,5,1,2,1,1,12,1885,400,56,44,93.28968,try
24,4,1,2,1,2,0,454,408,1219,186,-1.0,
25,5,1,2,1,2,1,454,408,244,186,31.929771,EZ
26,5,1,2,1,2,2,802,483,106,45,92.509529,"Uber,"
27,5,1,2,1,2,3,923,483,124,39,91.760338,worth
28,5,1,2,1,2,4,1066,494,50,37,92.317162,up
29,5,1,2,1,2,5,1131,488,42,34,93.073669,to
30,5,1,2,1,2,6,1189,485,78,36,92.661713,₹25
31,5,1,2,1,2,7,1284,483,114,38,92.700409,each!
32,5,1,2,1,2,8,1417,483,124,38,92.686607,Share
33,5,1,2,1,2,9,1556,483,117,38,92.943474,code:
34,2,1,3,0,0,0,802,570,324,38,-1.0,
35,3,1,3,1,0,0,802,570,324,38,-1.0,
36,4,1,3,1,1,0,802,570,324,38,-1.0,
37,5,1,3,1,1,1,802,570,249,38,68.793808,ankurk1141
38,5,1,3,1,1,2,1065,572,61,36,68.793808,5ui
39,2,1,4,0,0,0,268,941,1719,47,-1.0,
40,3,1,4,1,0,0,268,941,1719,47,-1.0,
41,4,1,4,1,1,0,268,941,1719,47,-1.0,
42,5,1,4,1,1,1,268,945,157,32,88.63131,REPORT
43,5,1,4,1,1,2,440,941,213,40,0.0,LOSTEM
44,5,1,4,1,1,3,692,941,27,47,14.414352,P
45,5,1,4,1,1,4,999,935,200,61,64.973778,CONTAST
46,5,1,4,1,1,5,1218,935,175,61,83.77153,SUPPORT
47,5,1,4,1,1,6,1433,941,27,47,0.0,)»
48,5,1,4,1,1,7,1726,942,193,39,91.02977,MYTRPS
49,5,1,4,1,1,8,1960,941,27,47,33.696182,»
50,2,1,5,0,0,0,179,851,2196,289,-1.0,
51,3,1,5,1,0,0,179,851,2196,289,-1.0,
52,4,1,5,1,1,0,179,851,2196,289,-1.0,
53,5,1,5,1,1,1,179,851,2196,289,95.0, 
